<?xml version="1.0"?>
<!DOCTYPE match SYSTEM "ejercicio5.dtd">
<match>
    <game>
    <game-score="1-2">
    <local-team>Sevilla</local-team>
    <visitor-team>Barcelona</visitor-team>
    
		<scores>
			<score>
    			<score-time="15">
			<player>Gameiro</player>
    			</score>
			<score>
			<score-time="70" type="lack">
			<player>Messi</player>
    			</score>
			<score>
			<score-time="90" score type="penalty">
			<player>Neymar</player>
			</score>
    		</scores>

		<cards>
  			<yellows>
			<player>Suarez</player>
			<player>Vitolo</player>
 			</yellows>
  			<reds>
			<player>Piqu�</player>
  			</reds>
		</cards>

	</game>

</match>


	
