<?xml version="1.0"?>
<!DOCTYPE shiporder SYSTEM "ejercicio1.dtd">
<shiporder orderid="882933">
<orderperson>Jhon Smith </orderperson>
  <shipto>
  <name>Ola Normand</name>
  <address>Langgt 23</address>
  <city>4000 Stanvager</city>
  <country>Norway</country>
  </shipto>

 <item>
 <tittle>Empire Burlesque</tittle>
 <note>Special Edition</note>
 <quantity>3</quantity>
 <price>10.90</price>
 </item>

 <item>
 <tittle>Hide your heart</tittle>
 <quantity>1</quantity>
 <price>9.90</price>
 </item>

</shiporder>
