<?xml version="1.0"?>
<Bookstore>
 <Book>
     <author>Antoniou, G. and F. van Harmelen</author>
     <date>2004</date>
     <title>A Semantic Web Primer</title>
     <publisher>Cambridge, MA: MIT Press</publisher>
</Book>
    <Book>
     <author>Daconts, M.C., L.J. Orbst, and K.T. Smith</author>
     <date>2003</date>
     <title>The Semantic Web: A Guide to the Future of XML, Web Services, and Knowledge Management</title>
     <publisher>New York: Wiley</publisher>
</Book>
</Bookstore>