<?xml version="1.0" encoding="iso-8859-1" standalone="no" ?>
<!DOCTYPE gradebook>

<gradebook>
<course name="1 Bacherlors degree">

    <mathematics>
    <student name="Raul Millan Ramirez" qualification="9"/>
    <student name="Cristina Castillo Cano" qualification="7.5"></student>
    <student name="Paula Rodriguez Mendez" qualification="5"></student>
    <student name="Leticia Padilla de la Torre" qualification="6.8" ></student>
    <student name="Cristian Moreno Peña" qualification="10" ></student>
    <student name="Joaquin Jimenez Garcia" qualification="3.2" ></student>
    <student name="Marisa Dia Gonzalez" qualification="4" ></student>
    <student name="Alejandro Carrillo Rubio" qualification="6.75" ></student>
    <student name="Adrian Vela Rueda" qualification="7" ></student>
    <student name="Maria Piedra Dominguez" qualification="9.6" ></student>

    </mathematics>
</course>
    
<course name="2 Bacherlors degree">
    
    <Chemistry>
    <student name="Sofia Caraballo Ruiz" qualification="2"></student>
    <student name="Pablo Domingez Luna" qualification="8.5" />
    <student name="Nicolas Herrero Calcerrada" qualification="7"></student>
    <student name="Marina Ramon Martinez" qualification="10"></student>
    <student name="Silvia Vaya Jimenez" qualification="8"></student>
    <student name="Laura Rodriguez Rubio" qualification="4"></student>
    <student name="Adrian Rodrigo Gomez" qualification="1"></student>
    <student name="Angela Buitrago Gomez" qualification="6.5" ></student>
    <student name="Marcos Fernandez Dominguez" qualification="9" ></student>
    <student name="Marta Marin Sierra" qualification="5" ></student>
    </Chemistry>
</course>    
                                                        
</gradebook>