<?xml version="1.0" encoding="iso-8859-1" standalone="no" ?>
<!DOCTYPE cookbook>

<cookbook>

    <recipe1>name="Spaghetti with carbonara sauce
    <ingredients>
    200 g spaghetti
    4 thick slices of bacon (100 g)
    2 eggs
    6 tablespoons cream
    2 big tablespoons Parmesan cheese (300g)
    2 olive oil spoons
    salt
    ground pepper
    </ingredients>
    
    <steps>
    Cook the spaghetti for 10 minutes and drain
    Remove the crust slices and cut into cubes
    Adds dice bacon and fry until golden brown
    Then add the spaguetti
    Breaks the eggs in a bowl, whisk and add the cream, cheese, salt and ground pepper
    Whisk again and pour over spaghetti
    </steps>
    </recipe1>
              
              
    
    <recipe2>name="Tortilla española"
    <ingredients>
    6 eggs
    3 potatoes (600 g)
    1 small onion
    1 green pepper
    2 glasses of olive oil
    Salt
    a parsley leaf
    </ingredients>
    
    <steps>
    Peel and chop the onion into medium dice
    Clean green pepper and cut it into cubes
    Peel the potatoes into thin strips
    Enter all in the pan and fry for 30 minutes
    Breaks the eggs in a bowl and whisk it
    Adds Fry potatoes, onion and pepper and mix well
    Fry into the pan and turn it around 
    </steps>
    </recipe2>
                               
                                 
</cookbook>
                                
